file,rows,missing_cols,high_missing,reasons
AAAA.parquet,57,,,low_rows(57)
AACB.parquet,125,,,low_rows(125)
AACBR.parquet,1,,,low_rows(1)
AACBU.parquet,161,,,low_rows(161)
AACI.parquet,72,,,low_rows(72)
AACIU.parquet,94,,,low_rows(94)
AALG.parquet,60,,,low_rows(60)
AAPG.parquet,175,,,low_rows(175)
AAPW.parquet,157,,,low_rows(157)
AARD.parquet,161,,,low_rows(161)
AAUM.parquet,4,,,low_rows(4)
AAUS.parquet,52,,,low_rows(52)
ABI.parquet,70,,,low_rows(70)
ABIG.parquet,123,,,low_rows(123)
ABLS.parquet,158,,,low_rows(158)
ACEI.parquet,7,,,low_rows(7)
ACII.parquet,7,,,low_rows(7)
ACKY.parquet,19,,,low_rows(19)
ACLO.parquet,219,,,low_rows(219)
ACOG.parquet,223,,,low_rows(223)
ACVT.parquet,109,,,low_rows(109)
ADAMG.parquet,181,,,low_rows(181)
ADAMH.parquet,62,,,low_rows(62)
ADBG.parquet,136,,,low_rows(136)
ADVB.parquet,147,,,low_rows(147)
AEBI.parquet,66,,,low_rows(66)
AEMS.parquet,67,,,low_rows(67)
AEXA.parquet,6,,,low_rows(6)
AFIX.parquet,124,,,low_rows(124)
AFJKR.parquet,1,,,low_rows(1)
AFOS.parquet,70,,,low_rows(70)
AFRU.parquet,14,,,low_rows(14)
AFSC.parquet,159,,,low_rows(159)
AGEM.parquet,158,,,low_rows(158)
AGGA.parquet,107,,,low_rows(107)
AGH.parquet,162,,,low_rows(162)
AGIQ.parquet,23,,,low_rows(23)
AGNCZ.parquet,22,,,low_rows(22)
AGRW.parquet,132,,,low_rows(132)
AGRZ.parquet,3,,,low_rows(3)
AHL.parquet,103,,,low_rows(103)
AII.parquet,103,,,low_rows(103)
AINP.parquet,205,,,low_rows(205)
AIOO.parquet,67,,,low_rows(67)
AIPO.parquet,50,,,low_rows(50)
AIRO.parquet,78,,,low_rows(78)
AIS.parquet,209,,,low_rows(209)
AKAF.parquet,70,,,low_rows(70)
ALDF.parquet,201,,,low_rows(201)
ALDFU.parquet,238,,,low_rows(238)
ALIL.parquet,123,,,low_rows(123)
ALRG.parquet,63,,,low_rows(63)
AMBQ.parquet,47,,,low_rows(47)
AMDD.parquet,162,,,low_rows(162)
AMDG.parquet,175,,,low_rows(175)
AMDU.parquet,32,,,low_rows(32)
AMDW.parquet,51,,,low_rows(51)
AMRZ.parquet,73,,,low_rows(73)
AMUU.parquet,127,,,low_rows(127)
AMYY.parquet,14,,,low_rows(14)
AMZW.parquet,75,,,low_rows(75)
ANEL.parquet,22,,,low_rows(22)
ANGX.parquet,17,,,low_rows(17)
ANPA.parquet,63,,,low_rows(63)
ANTA.parquet,100,,,low_rows(100)
AOMD.parquet,91,,,low_rows(91)
APACU.parquet,4,,,low_rows(4)
APAD.parquet,27,,,low_rows(27)
APADR.parquet,1,,,low_rows(1)
APADU.parquet,47,,,low_rows(47)
APED.parquet,147,,,low_rows(147)
APLU.parquet,207,,,low_rows(207)
APLX.parquet,19,,,low_rows(19)
APPX.parquet,112,,,low_rows(112)
APUS.parquet,102,,,low_rows(102)
APXM.parquet,116,,,low_rows(116)
AQLT.parquet,202,,,low_rows(202)
ARAI.parquet,98,,,low_rows(98)
ARCX.parquet,81,,,low_rows(81)
ARKT.parquet,3,,,low_rows(3)
ARMG.parquet,182,,,low_rows(182)
ARMH.parquet,138,,,low_rows(138)
ARMU.parquet,149,,,low_rows(149)
ARX.parquet,51,,,low_rows(51)
ASCE.parquet,63,,,low_rows(63)
ASGM.parquet,43,,,low_rows(43)
ASIC.parquet,80,,,low_rows(80)
ASLV.parquet,132,,,low_rows(132)
ASMG.parquet,182,,,low_rows(182)
ASMH.parquet,138,,,low_rows(138)
ASPC.parquet,188,,,low_rows(188)
ASPCR.parquet,1,,,low_rows(1)
ASPCU.parquet,225,,,low_rows(225)
ASPSZ.parquet,1,,,low_rows(1)
ASTX.parquet,60,,,low_rows(60)
ATHR.parquet,122,,,low_rows(122)
ATII.parquet,127,,,low_rows(127)
ATIIU.parquet,163,,,low_rows(163)
ATMCR.parquet,1,,,low_rows(1)
ATMVR.parquet,1,,,low_rows(1)
AUGO.parquet,57,,,low_rows(57)
AUSM.parquet,63,,,low_rows(63)
AVBC.parquet,45,,,low_rows(45)
AVGB.parquet,117,,,low_rows(117)
AVGG.parquet,97,,,low_rows(97)
AVGU.parquet,58,,,low_rows(58)
AVGW.parquet,51,,,low_rows(51)
AVL.parquet,246,,,low_rows(246)
AVR.parquet,201,,,low_rows(201)
AVS.parquet,246,,,low_rows(246)
AVUQ.parquet,127,,,low_rows(127)
AXIN.parquet,45,,,low_rows(45)
AXINR.parquet,1,,,low_rows(1)
AXINU.parquet,75,,,low_rows(75)
AXUP.parquet,14,,,low_rows(14)
AZNH.parquet,249,,,low_rows(249)
AZYY.parquet,14,,,low_rows(14)
BACC.parquet,44,,,low_rows(44)
BACCR.parquet,1,,,low_rows(1)
BACCU.parquet,78,,,low_rows(78)
BACQ.parquet,210,,,low_rows(210)
BACQR.parquet,1,,,low_rows(1)
BACQU.parquet,229,,,low_rows(229)
BAFE.parquet,218,,,low_rows(218)
BAGY.parquet,108,,,low_rows(108)
BAI.parquet,238,,,low_rows(238)
BAIG.parquet,31,,,low_rows(31)
BALY.parquet,206,,,low_rows(206)
BASG.parquet,77,,,low_rows(77)
BASV.parquet,77,,,low_rows(77)
BAYAR.parquet,1,,,low_rows(1)
BBB.parquet,198,,,low_rows(198)
BBNX.parquet,171,,,low_rows(171)
BCAR.parquet,32,,,low_rows(32)
BCARU.parquet,46,,,low_rows(46)
BCCC.parquet,85,,,low_rows(85)
BCHI.parquet,161,,,low_rows(161)
BCKT.parquet,8,,,low_rows(8)
BCLO.parquet,171,,,low_rows(171)
BCOR.parquet,109,,,low_rows(109)
BCTXZ.parquet,1,,,low_rows(1)
BDBT.parquet,73,,,low_rows(73)
BDCIU.parquet,4,,,low_rows(4)
BDVL.parquet,15,,,low_rows(15)
BDYN.parquet,15,,,low_rows(15)
BEAG.parquet,200,,,low_rows(200)
BEAGR.parquet,1,,,low_rows(1)
BEAGU.parquet,236,,,low_rows(236)
BEEX.parquet,200,,,low_rows(200)
BEGS.parquet,165,,,low_rows(165)
BENJ.parquet,176,,,low_rows(176)
BESF.parquet,85,,,low_rows(85)
BFAP.parquet,126,,,low_rows(126)
BFJL.parquet,67,,,low_rows(67)
BFOC.parquet,3,,,low_rows(3)
BFRE.parquet,132,,,low_rows(132)
BFRZ.parquet,100,,,low_rows(100)
BGDV.parquet,202,,,low_rows(202)
BGL.parquet,70,,,low_rows(70)
BIDD.parquet,219,,,low_rows(219)
BIGY.parquet,216,,,low_rows(216)
BILT.parquet,46,,,low_rows(46)
BINT.parquet,73,,,low_rows(73)
BITK.parquet,8,,,low_rows(8)
BITY.parquet,108,,,low_rows(108)
BIYA.parquet,136,,,low_rows(136)
BKCG.parquet,130,,,low_rows(130)
BKDV.parquet,226,,,low_rows(226)
BKHAR.parquet,1,,,low_rows(1)
BKNU.parquet,13,,,low_rows(13)
BLGR.parquet,73,,,low_rows(73)
BLIV.parquet,126,,,low_rows(126)
BLOX.parquet,76,,,low_rows(76)
BLSH.parquet,37,,,low_rows(37)
BLST.parquet,73,,,low_rows(73)
BLTD.parquet,73,,,low_rows(73)
BLUC.parquet,73,,,low_rows(73)
BLUI.parquet,72,,,low_rows(72)
BLUWU.parquet,81,,,low_rows(81)
BLUX.parquet,72,,,low_rows(72)
BLZRU.parquet,19,,,low_rows(19)
BMAX.parquet,141,,,low_rows(141)
BMGL.parquet,154,,,low_rows(154)
BMHL.parquet,60,,,low_rows(60)
BMNR.parquet,84,,,low_rows(84)
BMNU.parquet,6,,,low_rows(6)
BNDS.parquet,181,,,low_rows(181)
BNDY.parquet,65,,,low_rows(65)
BNKD.parquet,157,,,low_rows(157)
BNKU.parquet,157,,,low_rows(157)
BOBP.parquet,94,,,low_rows(94)
BOED.parquet,114,,,low_rows(114)
BOEG.parquet,78,,,low_rows(78)
BOEU.parquet,114,,,low_rows(114)
BOWNR.parquet,1,,,low_rows(1)
BOXA.parquet,198,,,low_rows(198)
BPH.parquet,186,,,low_rows(186)
BPI.parquet,128,,,low_rows(128)
BRBI.parquet,11,,,low_rows(11)
BRCB.parquet,16,,,low_rows(16)
BRIA.parquet,212,,,low_rows(212)
BRIF.parquet,193,,,low_rows(193)
BRKC.parquet,84,,,low_rows(84)
BRKD.parquet,199,,,low_rows(199)
BRKRP.parquet,22,,,low_rows(22)
BRKU.parquet,203,,,low_rows(203)
BRKW.parquet,75,,,low_rows(75)
BRR.parquet,82,,,low_rows(82)
BRRWU.parquet,97,,,low_rows(97)
BSAA.parquet,41,,,low_rows(41)
BSAAR.parquet,1,,,low_rows(1)
BSAAU.parquet,78,,,low_rows(78)
BSCZ.parquet,80,,,low_rows(80)
BSJX.parquet,80,,,low_rows(80)
BSMZ.parquet,13,,,low_rows(13)
BTCC.parquet,128,,,low_rows(128)
BTCI.parquet,241,,,low_rows(241)
BTGD.parquet,242,,,low_rows(242)
BTQ.parquet,6,,,low_rows(6)
BTTC.parquet,2,,,low_rows(2)
BUFH.parquet,71,,,low_rows(71)
BUFI.parquet,204,,,low_rows(204)
BUFM.parquet,203,,,low_rows(203)
BUFX.parquet,71,,,low_rows(71)
BULG.parquet,39,,,low_rows(39)
BULU.parquet,46,,,low_rows(46)
BULX.parquet,23,,,low_rows(23)
BUSEP.parquet,99,,,low_rows(99)
BUUU.parquet,36,,,low_rows(36)
BUYO.parquet,248,,,low_rows(248)
BVAL.parquet,72,,,low_rows(72)
CAEP.parquet,70,,,low_rows(70)
CAI.parquet,75,,,low_rows(75)
CAIE.parquet,71,,,low_rows(71)
CAMP.parquet,245,,,low_rows(245)
CAPN.parquet,236,,,low_rows(236)
CAPNR.parquet,1,,,low_rows(1)
CARL.parquet,52,,,low_rows(52)
CAS.parquet,182,,,low_rows(182)
CBK.parquet,2,,,low_rows(2)
CBLL.parquet,245,,,low_rows(245)
CBOA.parquet,125,,,low_rows(125)
CBOJ.parquet,177,,,low_rows(177)
CBOY.parquet,63,,,low_rows(63)
CBTA.parquet,125,,,low_rows(125)
CBTJ.parquet,168,,,low_rows(168)
CBTY.parquet,63,,,low_rows(63)
CBXA.parquet,125,,,low_rows(125)
CBXJ.parquet,168,,,low_rows(168)
CBXY.parquet,63,,,low_rows(63)
CCCX.parquet,64,,,low_rows(64)
CCCXU.parquet,100,,,low_rows(100)
CCFE.parquet,79,,,low_rows(79)
CCHH.parquet,1,,,low_rows(1)
CCII.parquet,30,,,low_rows(30)
CCIIU.parquet,67,,,low_rows(67)
CCUP.parquet,39,,,low_rows(39)
CDIG.parquet,13,,,low_rows(13)
CEFZ.parquet,44,,,low_rows(44)
CEGX.parquet,60,,,low_rows(60)
CEPF.parquet,31,,,low_rows(31)
CEPI.parquet,208,,,low_rows(208)
CEPO.parquet,186,,,low_rows(186)
CEPT.parquet,107,,,low_rows(107)
CFIT.parquet,131,,,low_rows(131)
CFND.parquet,41,,,low_rows(41)
CGCT.parquet,72,,,low_rows(72)
CGCTU.parquet,107,,,low_rows(107)
CGGG.parquet,70,,,low_rows(70)
CGHY.parquet,70,,,low_rows(70)
CGMM.parquet,180,,,low_rows(180)
CGTL.parquet,213,,,low_rows(213)
CGVV.parquet,70,,,low_rows(70)
CHA.parquet,117,,,low_rows(117)
CHAC.parquet,96,,,low_rows(96)
CHACR.parquet,1,,,low_rows(1)
CHACU.parquet,112,,,low_rows(112)
CHAR.parquet,213,,,low_rows(213)
CHARR.parquet,1,,,low_rows(1)
CHARU.parquet,236,,,low_rows(236)
CHECU.parquet,14,,,low_rows(14)
CHOW.parquet,14,,,low_rows(14)
CHPG.parquet,74,,,low_rows(74)
CHPGR.parquet,1,,,low_rows(1)
CHPGU.parquet,90,,,low_rows(90)
CHPX.parquet,3,,,low_rows(3)
CHPY.parquet,124,,,low_rows(124)
CHRI.parquet,8,,,low_rows(8)
CHYM.parquet,79,,,low_rows(79)
CICB.parquet,247,,,low_rows(247)
CIGL.parquet,116,,,low_rows(116)
CIMP.parquet,12,,,low_rows(12)
CJMB.parquet,167,,,low_rows(167)
CLCG.parquet,52,,,low_rows(52)
CLCV.parquet,52,,,low_rows(52)
CLIK.parquet,247,,,low_rows(247)
CLSX.parquet,14,,,low_rows(14)
CMDB.parquet,108,,,low_rows(108)
CNQQ.parquet,6,,,low_rows(6)
COIA.parquet,18,,,low_rows(18)
COIG.parquet,140,,,low_rows(140)
COII.parquet,85,,,low_rows(85)
COIO.parquet,37,,,low_rows(37)
COIW.parquet,158,,,low_rows(158)
COLA.parquet,140,,,low_rows(140)
COLAR.parquet,1,,,low_rows(1)
COLAU.parquet,176,,,low_rows(176)
COPL.parquet,87,,,low_rows(87)
COPY.parquet,192,,,low_rows(192)
CORD.parquet,6,,,low_rows(6)
CORO.parquet,206,,,low_rows(206)
CORX.parquet,207,,,low_rows(207)
CORZZ.parquet,1,,,low_rows(1)
COSO.parquet,103,,,low_rows(103)
COTG.parquet,12,,,low_rows(12)
COYY.parquet,48,,,low_rows(48)
CPAG.parquet,38,,,low_rows(38)
CPHY.parquet,38,,,low_rows(38)
CPNM.parquet,150,,,low_rows(150)
CPNQ.parquet,210,,,low_rows(210)
CPRA.parquet,129,,,low_rows(129)
CPRY.parquet,189,,,low_rows(189)
CPSD.parquet,210,,,low_rows(210)
CPSF.parquet,169,,,low_rows(169)
CPSN.parquet,230,,,low_rows(230)
CPSP.parquet,129,,,low_rows(129)
CPSR.parquet,150,,,low_rows(150)
CPSU.parquet,87,,,low_rows(87)
CPSY.parquet,189,,,low_rows(189)
CPXR.parquet,177,,,low_rows(177)
CRAQ.parquet,73,,,low_rows(73)
CRAQR.parquet,1,,,low_rows(1)
CRAQU.parquet,92,,,low_rows(92)
CRBD.parquet,206,,,low_rows(206)
CRCA.parquet,41,,,low_rows(41)
CRCD.parquet,6,,,low_rows(6)
CRCG.parquet,39,,,low_rows(39)
CRCL.parquet,84,,,low_rows(84)
CRCO.parquet,3,,,low_rows(3)
CRDU.parquet,14,,,low_rows(14)
CRE.parquet,52,,,low_rows(52)
CRMG.parquet,126,,,low_rows(126)
CRWG.parquet,39,,,low_rows(39)
CRWL.parquet,223,,,low_rows(223)
CRWU.parquet,49,,,low_rows(49)
CRWV.parquet,131,,,low_rows(131)
CSAI.parquet,171,,,low_rows(171)
CSCL.parquet,71,,,low_rows(71)
CSCS.parquet,71,,,low_rows(71)
CSNR.parquet,167,,,low_rows(167)
CSPF.parquet,167,,,low_rows(167)
CSRE.parquet,167,,,low_rows(167)
CSTK.parquet,104,,,low_rows(104)
CTEF.parquet,75,,,low_rows(75)
CTIF.parquet,71,,,low_rows(71)
CTWO.parquet,74,,,low_rows(74)
CUPR.parquet,122,,,low_rows(122)
CURX.parquet,28,,,low_rows(28)
CV.parquet,66,,,low_rows(66)
CVNX.parquet,89,,,low_rows(89)
CVNY.parquet,170,,,low_rows(170)
CWVX.parquet,60,,,low_rows(60)
CXRN.parquet,155,,,low_rows(155)
CYCU.parquet,159,,,low_rows(159)
DAAQ.parquet,87,,,low_rows(87)
DAAQU.parquet,109,,,low_rows(109)
DABS.parquet,149,,,low_rows(149)
DADS.parquet,42,,,low_rows(42)
DAIC.parquet,73,,,low_rows(73)
DAK.parquet,47,,,low_rows(47)
DDFL.parquet,67,,,low_rows(67)
DDFO.parquet,3,,,low_rows(3)
DDFS.parquet,24,,,low_rows(24)
DDTL.parquet,67,,,low_rows(67)
DDTO.parquet,3,,,low_rows(3)
DDTS.parquet,24,,,low_rows(24)
DECM.parquet,195,,,low_rows(195)
DECU.parquet,210,,,low_rows(210)
DEFR.parquet,99,,,low_rows(99)
DEVS.parquet,225,,,low_rows(225)
DEXC.parquet,221,,,low_rows(221)
DFII.parquet,127,,,low_rows(127)
DGLO.parquet,41,,,low_rows(41)
DGNX.parquet,177,,,low_rows(177)
DHCNL.parquet,1,,,low_rows(1)
DHDG.parquet,239,,,low_rows(239)
DHLX.parquet,5,,,low_rows(5)
DHSB.parquet,154,,,low_rows(154)
DIVE.parquet,14,,,low_rows(14)
DIVN.parquet,70,,,low_rows(70)
DJTU.parquet,149,,,low_rows(149)
DKI.parquet,40,,,low_rows(40)
DKNX.parquet,46,,,low_rows(46)
DKUP.parquet,46,,,low_rows(46)
DLAG.parquet,10,,,low_rows(10)
DLLL.parquet,160,,,low_rows(160)
DLXY.parquet,62,,,low_rows(62)
DMAA.parquet,154,,,low_rows(154)
DMAAR.parquet,1,,,low_rows(1)
DMAAU.parquet,118,,,low_rows(118)
DMAX.parquet,189,,,low_rows(189)
DMIIU.parquet,7,,,low_rows(7)
DMX.parquet,209,,,low_rows(209)
DOGD.parquet,38,,,low_rows(38)
DOJE.parquet,12,,,low_rows(12)
DRAY.parquet,58,,,low_rows(58)
DRDB.parquet,169,,,low_rows(169)
DRDBU.parquet,201,,,low_rows(201)
DRES.parquet,3,,,low_rows(3)
DRGN.parquet,58,,,low_rows(58)
DSPY.parquet,128,,,low_rows(128)
DTK.parquet,10,,,low_rows(10)
DTSQR.parquet,1,,,low_rows(1)
DUNK.parquet,14,,,low_rows(14)
DVIN.parquet,52,,,low_rows(52)
DVQQ.parquet,194,,,low_rows(194)
DVRE.parquet,52,,,low_rows(52)
DVSP.parquet,199,,,low_rows(199)
DVUT.parquet,52,,,low_rows(52)
DVXB.parquet,52,,,low_rows(52)
DVXC.parquet,52,,,low_rows(52)
DVXE.parquet,52,,,low_rows(52)
DVXF.parquet,52,,,low_rows(52)
DVXK.parquet,52,,,low_rows(52)
DVXP.parquet,51,,,low_rows(51)
DVXV.parquet,52,,,low_rows(52)
DVXY.parquet,52,,,low_rows(52)
DXF.parquet,175,,,low_rows(175)
DXST.parquet,177,,,low_rows(177)
DYCQR.parquet,1,,,low_rows(1)
DYNB.parquet,8,,,low_rows(8)
EAI.parquet,1,,,low_rows(1)
EASY.parquet,3,,,low_rows(3)
EBI.parquet,151,,,low_rows(151)
ECCU.parquet,197,,,low_rows(197)
ECG.parquet,234,,,low_rows(234)
EDGE.parquet,177,,,low_rows(177)
EDHL.parquet,117,,,low_rows(117)
EFFE.parquet,192,,,low_rows(192)
EFFI.parquet,199,,,low_rows(199)
EFTY.parquet,40,,,low_rows(40)
EGG.parquet,75,,,low_rows(75)
EGGQ.parquet,191,,,low_rows(191)
EGGS.parquet,192,,,low_rows(192)
EGGY.parquet,192,,,low_rows(192)
EGHA.parquet,68,,,low_rows(68)
EGHAR.parquet,1,,,low_rows(1)
EGHAU.parquet,102,,,low_rows(102)
EGLE.parquet,118,,,low_rows(118)
EHLD.parquet,146,,,low_rows(146)
EIIA.parquet,246,,,low_rows(246)
ELFY.parquet,122,,,low_rows(122)
ELIL.parquet,132,,,low_rows(132)
ELIS.parquet,133,,,low_rows(133)
ELM.parquet,162,,,low_rows(162)
ELOG.parquet,26,,,low_rows(26)
ELON.parquet,161,,,low_rows(161)
ELVR.parquet,24,,,low_rows(24)
EMES.parquet,98,,,low_rows(98)
EMISU.parquet,7,,,low_rows(7)
EMOP.parquet,75,,,low_rows(75)
EMP.parquet,1,,,low_rows(1)
EMPB.parquet,202,,,low_rows(202)
EMPG.parquet,66,,,low_rows(66)
ENGS.parquet,129,,,low_rows(129)
ENPX.parquet,14,,,low_rows(14)
EPEM.parquet,84,,,low_rows(84)
EPIN.parquet,84,,,low_rows(84)
EPMB.parquet,107,,,low_rows(107)
EPMV.parquet,107,,,low_rows(107)
EPSB.parquet,107,,,low_rows(107)
EPSM.parquet,133,,,low_rows(133)
EPSV.parquet,107,,,low_rows(107)
EPWK.parquet,166,,,low_rows(166)
ESHAR.parquet,1,,,low_rows(1)
ESK.parquet,7,,,low_rows(7)
ESLG.parquet,4,,,low_rows(4)
ESLV.parquet,4,,,low_rows(4)
ESN.parquet,239,,,low_rows(239)
ESSC.parquet,4,,,low_rows(4)
ESUM.parquet,198,,,low_rows(198)
ETCO.parquet,22,,,low_rows(22)
ETHI.parquet,12,,,low_rows(12)
ETHM.parquet,205,,,low_rows(205)
ETHMU.parquet,215,,,low_rows(215)
ETOR.parquet,100,,,low_rows(100)
ETQ.parquet,236,,,low_rows(236)
ETRL.parquet,23,,,low_rows(23)
ETS.parquet,31,,,low_rows(31)
ETU.parquet,236,,,low_rows(236)
EUAD.parquet,238,,,low_rows(238)
EURKR.parquet,1,,,low_rows(1)
EVAC.parquet,30,,,low_rows(30)
EVMO.parquet,44,,,low_rows(44)
EVYM.parquet,152,,,low_rows(152)
EXOZ.parquet,222,,,low_rows(222)
EXUS.parquet,75,,,low_rows(75)
EZPZ.parquet,155,,,low_rows(155)
FACT.parquet,196,,,low_rows(196)
FACTU.parquet,213,,,low_rows(213)
FAI.parquet,216,,,low_rows(216)
FARX.parquet,196,,,low_rows(196)
FATN.parquet,124,,,low_rows(124)
FB.parquet,70,,,low_rows(70)
FBDC.parquet,68,,,low_rows(68)
FBGL.parquet,166,,,low_rows(166)
FBLA.parquet,237,,,low_rows(237)
FCBD.parquet,196,,,low_rows(196)
FCHL.parquet,22,,,low_rows(22)
FEAC.parquet,216,,,low_rows(216)
FEAT.parquet,199,,,low_rows(199)
FEBM.parquet,155,,,low_rows(155)
FEBU.parquet,169,,,low_rows(169)
FEGE.parquet,196,,,low_rows(196)
FEMR.parquet,216,,,low_rows(216)
FEOE.parquet,196,,,low_rows(196)
FERA.parquet,116,,,low_rows(116)
FERAR.parquet,1,,,low_rows(1)
FERAU.parquet,151,,,low_rows(151)
FFDI.parquet,216,,,low_rows(216)
FFEM.parquet,216,,,low_rows(216)
FFGX.parquet,216,,,low_rows(216)
FFOX.parquet,81,,,low_rows(81)
FFUT.parquet,84,,,low_rows(84)
FGL.parquet,237,,,low_rows(237)
FGMC.parquet,163,,,low_rows(163)
FGMCR.parquet,1,,,low_rows(1)
FGMCU.parquet,171,,,low_rows(171)
FGSI.parquet,70,,,low_rows(70)
FGSM.parquet,196,,,low_rows(196)
FGSN.parquet,178,,,low_rows(178)
FHDG.parquet,219,,,low_rows(219)
FIG.parquet,46,,,low_rows(46)
FIGR.parquet,17,,,low_rows(17)
FIGX.parquet,34,,,low_rows(34)
FIGXU.parquet,70,,,low_rows(70)
FINT.parquet,196,,,low_rows(196)
FIRI.parquet,218,,,low_rows(218)
FIRS.parquet,218,,,low_rows(218)
FIVY.parquet,199,,,low_rows(199)
FIXP.parquet,176,,,low_rows(176)
FIXT.parquet,77,,,low_rows(77)
FLAG.parquet,118,,,low_rows(118)
FLCC.parquet,198,,,low_rows(198)
FLCE.parquet,196,,,low_rows(196)
FLOC.parquet,180,,,low_rows(180)
FLXN.parquet,63,,,low_rows(63)
FLY.parquet,41,,,low_rows(41)
FMCE.parquet,220,,,low_rows(220)
FMFC.parquet,71,,,low_rows(71)
FMKT.parquet,81,,,low_rows(81)
FMTM.parquet,137,,,low_rows(137)
FMUB.parquet,125,,,low_rows(125)
FMUN.parquet,124,,,low_rows(124)
FNGU.parquet,157,,,low_rows(157)
FOFO.parquet,16,,,low_rows(16)
FOPC.parquet,196,,,low_rows(196)
FOWF.parquet,198,,,low_rows(198)
FOXY.parquet,167,,,low_rows(167)
FPAS.parquet,230,,,low_rows(230)
FRDD.parquet,52,,,low_rows(52)
FRDU.parquet,52,,,low_rows(52)
FRIZ.parquet,24,,,low_rows(24)
FRMI.parquet,3,,,low_rows(3)
FSHPR.parquet,1,,,low_rows(1)
FTBI.parquet,89,,,low_rows(89)
FTKI.parquet,151,,,low_rows(151)
FTRK.parquet,92,,,low_rows(92)
FVN.parquet,229,,,low_rows(229)
FVNNR.parquet,82,,,low_rows(82)
GAINI.parquet,198,,,low_rows(198)
GBND.parquet,70,,,low_rows(70)
GBUG.parquet,157,,,low_rows(157)
GBXA.parquet,180,,,low_rows(180)
GBXB.parquet,157,,,low_rows(157)
GBXC.parquet,149,,,low_rows(149)
GDFN.parquet,7,,,low_rows(7)
GECCG.parquet,16,,,low_rows(16)
GELS.parquet,233,,,low_rows(233)
GEME.parquet,176,,,low_rows(176)
GEMI.parquet,16,,,low_rows(16)
GEND.parquet,124,,,low_rows(124)
GENVR.parquet,116,,,low_rows(116)
GENW.parquet,182,,,low_rows(182)
GEOA.parquet,63,,,low_rows(63)
GEVX.parquet,60,,,low_rows(60)
GGOV.parquet,70,,,low_rows(70)
GIGL.parquet,70,,,low_rows(70)
GIND.parquet,127,,,low_rows(127)
GKAT.parquet,29,,,low_rows(29)
GLBL.parquet,113,,,low_rows(113)
GLCR.parquet,132,,,low_rows(132)
GLDY.parquet,128,,,low_rows(128)
GLGG.parquet,31,,,low_rows(31)
GLIBA.parquet,60,,,low_rows(60)
GLIBK.parquet,60,,,low_rows(60)
GLXU.parquet,40,,,low_rows(40)
GLXY.parquet,97,,,low_rows(97)
GMEU.parquet,113,,,low_rows(113)
GMEY.parquet,19,,,low_rows(19)
GMMF.parquet,160,,,low_rows(160)
GMOI.parquet,233,,,low_rows(233)
GMOV.parquet,233,,,low_rows(233)
GOOW.parquet,51,,,low_rows(51)
GPTY.parquet,176,,,low_rows(176)
GPZ.parquet,84,,,low_rows(84)
GQGU.parquet,59,,,low_rows(59)
GRAN.parquet,67,,,low_rows(67)
GRIN.parquet,70,,,low_rows(70)
GRNY.parquet,226,,,low_rows(226)
GRO.parquet,212,,,low_rows(212)
GROZ.parquet,207,,,low_rows(207)
GSHR.parquet,101,,,low_rows(101)
GSHRU.parquet,136,,,low_rows(136)
GSKH.parquet,186,,,low_rows(186)
GSRFU.parquet,22,,,low_rows(22)
GSRT.parquet,197,,,low_rows(197)
GSRTR.parquet,197,,,low_rows(197)
GSRTU.parquet,226,,,low_rows(226)
GSX.parquet,14,,,low_rows(14)
GTEN.parquet,73,,,low_rows(73)
GTENU.parquet,107,,,low_rows(107)
GTERA.parquet,50,,,low_rows(50)
GTERR.parquet,1,,,low_rows(1)
GTERU.parquet,62,,,low_rows(62)
GTOC.parquet,52,,,low_rows(52)
GXIG.parquet,76,,,low_rows(76)
GXLC.parquet,8,,,low_rows(8)
GXPC.parquet,52,,,low_rows(52)
GXPD.parquet,52,,,low_rows(52)
GXPE.parquet,52,,,low_rows(52)
GXPS.parquet,52,,,low_rows(52)
GXPT.parquet,52,,,low_rows(52)
HBDC.parquet,80,,,low_rows(80)
HBNB.parquet,86,,,low_rows(86)
HBTA.parquet,176,,,low_rows(176)
HBTC.parquet,138,,,low_rows(138)
HCAI.parquet,167,,,low_rows(167)
HCHL.parquet,72,,,low_rows(72)
HCMA.parquet,10,,,low_rows(10)
HCMAU.parquet,45,,,low_rows(45)
HECA.parquet,67,,,low_rows(67)
HEQQ.parquet,132,,,low_rows(132)
HFEQ.parquet,58,,,low_rows(58)
HFGM.parquet,119,,,low_rows(119)
HFMF.parquet,58,,,low_rows(58)
HFSP.parquet,236,,,low_rows(236)
HGRO.parquet,80,,,low_rows(80)
HIMU.parquet,164,,,low_rows(164)
HIMY.parquet,33,,,low_rows(33)
HIMZ.parquet,142,,,low_rows(142)
HIT.parquet,195,,,low_rows(195)
HIYY.parquet,9,,,low_rows(9)
HKPD.parquet,181,,,low_rows(181)
HMR.parquet,157,,,low_rows(157)
HNGE.parquet,93,,,low_rows(93)
HOLA.parquet,59,,,low_rows(59)
HOLD.parquet,36,,,low_rows(36)
HOND.parquet,246,,,low_rows(246)
HOOG.parquet,136,,,low_rows(136)
HOOI.parquet,33,,,low_rows(33)
HOOW.parquet,75,,,low_rows(75)
HOOX.parquet,138,,,low_rows(138)
HOOY.parquet,103,,,low_rows(103)
HOYY.parquet,4,,,low_rows(4)
HSBH.parquet,127,,,low_rows(127)
HSPOR.parquet,1,,,low_rows(1)
HSPT.parquet,167,,,low_rows(167)
HSPTR.parquet,1,,,low_rows(1)
HSPTU.parquet,220,,,low_rows(220)
HTAX.parquet,147,,,low_rows(147)
HTFL.parquet,39,,,low_rows(39)
HUBCZ.parquet,1,,,low_rows(1)
HUHU.parquet,238,,,low_rows(238)
HUMN.parquet,70,,,low_rows(70)
HVAC.parquet,168,,,low_rows(168)
HVII.parquet,166,,,low_rows(166)
HVIIR.parquet,1,,,low_rows(1)
HVIIU.parquet,179,,,low_rows(179)
HVMC.parquet,1,,,low_rows(1)
HVMCU.parquet,38,,,low_rows(38)
HWSM.parquet,130,,,low_rows(130)
HXHX.parquet,119,,,low_rows(119)
HYBX.parquet,218,,,low_rows(218)
HYP.parquet,9,,,low_rows(9)
HYTI.parquet,155,,,low_rows(155)
IAUI.parquet,84,,,low_rows(84)
IBACR.parquet,1,,,low_rows(1)
IBGB.parquet,133,,,low_rows(133)
IBGL.parquet,124,,,low_rows(124)
IBHL.parquet,127,,,low_rows(127)
IBIL.parquet,131,,,low_rows(131)
IBMT.parquet,132,,,low_rows(132)
IBTQ.parquet,132,,,low_rows(132)
ICOI.parquet,127,,,low_rows(127)
ICPY.parquet,18,,,low_rows(18)
ICRC.parquet,1,,,low_rows(1)
IDEF.parquet,94,,,low_rows(94)
IDEQ.parquet,101,,,low_rows(101)
IDVZ.parquet,192,,,low_rows(192)
IDYN.parquet,41,,,low_rows(41)
IETH.parquet,1,,,low_rows(1)
IFLO.parquet,70,,,low_rows(70)
IGCB.parquet,218,,,low_rows(218)
IGGY.parquet,12,,,low_rows(12)
IGME.parquet,81,,,low_rows(81)
ILS.parquet,129,,,low_rows(129)
IMF.parquet,138,,,low_rows(138)
IMRA.parquet,127,,,low_rows(127)
IMST.parquet,127,,,low_rows(127)
INAC.parquet,47,,,low_rows(47)
INACR.parquet,1,,,low_rows(1)
INACU.parquet,67,,,low_rows(67)
INEO.parquet,237,,,low_rows(237)
INFO.parquet,246,,,low_rows(246)
INGM.parquet,236,,,low_rows(236)
INLF.parquet,189,,,low_rows(189)
INR.parquet,170,,,low_rows(170)
INTM.parquet,52,,,low_rows(52)
INVG.parquet,85,,,low_rows(85)
INVN.parquet,186,,,low_rows(186)
IONL.parquet,133,,,low_rows(133)
IONX.parquet,143,,,low_rows(143)
IONZ.parquet,72,,,low_rows(72)
IOTR.parquet,122,,,low_rows(122)
IPCX.parquet,77,,,low_rows(77)
IPCXR.parquet,1,,,low_rows(1)
IPCXU.parquet,112,,,low_rows(112)
IPOD.parquet,79,,,low_rows(79)
IPODU.parquet,104,,,low_rows(104)
IPST.parquet,215,,,low_rows(215)
IQSZ.parquet,57,,,low_rows(57)
ISMF.parquet,142,,,low_rows(142)
ITDJ.parquet,221,,,low_rows(221)
ITOL.parquet,17,,,low_rows(17)
IVES.parquet,85,,,low_rows(85)
IYRI.parquet,181,,,low_rows(181)
JABS.parquet,52,,,low_rows(52)
JACS.parquet,171,,,low_rows(171)
JANM.parquet,178,,,low_rows(178)
JANU.parquet,189,,,low_rows(189)
JAPN.parquet,100,,,low_rows(100)
JBS.parquet,78,,,low_rows(78)
JCAP.parquet,70,,,low_rows(70)
JDVL.parquet,40,,,low_rows(40)
JEDI.parquet,6,,,low_rows(6)
JEM.parquet,82,,,low_rows(82)
JENA.parquet,53,,,low_rows(53)
JFB.parquet,147,,,low_rows(147)
JFLI.parquet,160,,,low_rows(160)
JFLX.parquet,5,,,low_rows(5)
JHAI.parquet,32,,,low_rows(32)
JHCP.parquet,198,,,low_rows(198)
JHCR.parquet,198,,,low_rows(198)
JHLN.parquet,32,,,low_rows(32)
JIII.parquet,203,,,low_rows(203)
JLHL.parquet,70,,,low_rows(70)
JMTG.parquet,68,,,low_rows(68)
JOBX.parquet,19,,,low_rows(19)
JOYT.parquet,33,,,low_rows(33)
JPHY.parquet,71,,,low_rows(71)
JPX.parquet,50,,,low_rows(50)
JPY.parquet,125,,,low_rows(125)
JUNS.parquet,209,,,low_rows(209)
JUSA.parquet,141,,,low_rows(141)
JXX.parquet,167,,,low_rows(167)
KAT.parquet,29,,,low_rows(29)
KBAB.parquet,143,,,low_rows(143)
KCHV.parquet,54,,,low_rows(54)
KCHVR.parquet,1,,,low_rows(1)
KCHVU.parquet,90,,,low_rows(90)
KDEC.parquet,210,,,low_rows(210)
KDEF.parquet,166,,,low_rows(166)
KDK.parquet,7,,,low_rows(7)
KFEB.parquet,169,,,low_rows(169)
KFII.parquet,142,,,low_rows(142)
KFIIR.parquet,1,,,low_rows(1)
KFIIU.parquet,167,,,low_rows(167)
KGLD.parquet,62,,,low_rows(62)
KIDZ.parquet,125,,,low_rows(125)
KKRT.parquet,88,,,low_rows(88)
KLAR.parquet,17,,,low_rows(17)
KLC.parquet,247,,,low_rows(247)
KLMN.parquet,201,,,low_rows(201)
KMAR.parquet,150,,,low_rows(150)
KMAY.parquet,108,,,low_rows(108)
KMID.parquet,242,,,low_rows(242)
KMLI.parquet,79,,,low_rows(79)
KMRK.parquet,57,,,low_rows(57)
KMTS.parquet,147,,,low_rows(147)
KNOV.parquet,230,,,low_rows(230)
KNRG.parquet,90,,,low_rows(90)
KNRX.parquet,5,,,low_rows(5)
KOID.parquet,84,,,low_rows(84)
KOYN.parquet,11,,,low_rows(11)
KOYNU.parquet,27,,,low_rows(27)
KPDD.parquet,143,,,low_rows(143)
KRMN.parquet,161,,,low_rows(161)
KSLV.parquet,4,,,low_rows(4)
KTUP.parquet,14,,,low_rows(14)
KWM.parquet,99,,,low_rows(99)
KYIV.parquet,209,,,low_rows(209)
LABX.parquet,38,,,low_rows(38)
LATAU.parquet,11,,,low_rows(11)
LAWR.parquet,56,,,low_rows(56)
LAYS.parquet,147,,,low_rows(147)
LBGJ.parquet,237,,,low_rows(237)
LBRX.parquet,17,,,low_rows(17)
LCAP.parquet,133,,,low_rows(133)
LCCC.parquet,73,,,low_rows(73)
LCCCR.parquet,1,,,low_rows(1)
LCCCU.parquet,109,,,low_rows(109)
LCDL.parquet,115,,,low_rows(115)
LCOW.parquet,103,,,low_rows(103)
LDDR.parquet,182,,,low_rows(182)
LDRC.parquet,221,,,low_rows(221)
LDRH.parquet,222,,,low_rows(222)
LDRI.parquet,225,,,low_rows(225)
LDRT.parquet,221,,,low_rows(221)
LDRX.parquet,106,,,low_rows(106)
LENS.parquet,172,,,low_rows(172)
LFBE.parquet,174,,,low_rows(174)
LFDR.parquet,113,,,low_rows(113)
LFGY.parquet,182,,,low_rows(182)
LFSC.parquet,231,,,low_rows(231)
LGDX.parquet,151,,,low_rows(151)
LGN.parquet,16,,,low_rows(16)
LGPS.parquet,134,,,low_rows(134)
LHAI.parquet,51,,,low_rows(51)
LIAE.parquet,113,,,low_rows(113)
LIAM.parquet,113,,,low_rows(113)
LIAU.parquet,113,,,low_rows(113)
LIBD.parquet,187,,,low_rows(187)
LIFT.parquet,8,,,low_rows(8)
LIMN.parquet,107,,,low_rows(107)
LITL.parquet,110,,,low_rows(110)
LLYZ.parquet,23,,,low_rows(23)
LMTL.parquet,42,,,low_rows(42)
LMTS.parquet,40,,,low_rows(40)
LMUB.parquet,137,,,low_rows(137)
LNKS.parquet,207,,,low_rows(207)
LODI.parquet,208,,,low_rows(208)
LOGO.parquet,90,,,low_rows(90)
LOKV.parquet,116,,,low_rows(116)
LOKVU.parquet,151,,,low_rows(151)
LOTI.parquet,3,,,low_rows(3)
LPBB.parquet,211,,,low_rows(211)
LPBBU.parquet,248,,,low_rows(248)
LPRE.parquet,126,,,low_rows(126)
LQPE.parquet,173,,,low_rows(173)
LQTI.parquet,155,,,low_rows(155)
LRCU.parquet,33,,,low_rows(33)
LSE.parquet,197,,,low_rows(197)
LST.parquet,178,,,low_rows(178)
LSVD.parquet,113,,,low_rows(113)
LTTI.parquet,154,,,low_rows(154)
LUD.parquet,152,,,low_rows(152)
LVDS.parquet,59,,,low_rows(59)
LWAC.parquet,35,,,low_rows(35)
LWACU.parquet,71,,,low_rows(71)
LZMH.parquet,152,,,low_rows(152)
MAGH.parquet,38,,,low_rows(38)
MAGY.parquet,114,,,low_rows(114)
MAMK.parquet,64,,,low_rows(64)
MANI.parquet,12,,,low_rows(12)
MARO.parquet,204,,,low_rows(204)
MARU.parquet,150,,,low_rows(150)
MASK.parquet,185,,,low_rows(185)
MAVF.parquet,149,,,low_rows(149)
MAYA.parquet,146,,,low_rows(146)
MAYAR.parquet,1,,,low_rows(1)
MAYAU.parquet,160,,,low_rows(160)
MAYM.parquet,96,,,low_rows(96)
MAZE.parquet,170,,,low_rows(170)
MB.parquet,122,,,low_rows(122)
MBINL.parquet,218,,,low_rows(218)
MBNKO.parquet,94,,,low_rows(94)
MBSX.parquet,108,,,low_rows(108)
MBVIU.parquet,27,,,low_rows(27)
MCDS.parquet,198,,,low_rows(198)
MCGA.parquet,50,,,low_rows(50)
MCGAU.parquet,70,,,low_rows(70)
MCHPP.parquet,136,,,low_rows(136)
MCOW.parquet,26,,,low_rows(26)
MCRP.parquet,146,,,low_rows(146)
MCTR.parquet,177,,,low_rows(177)
MDAA.parquet,1,,,low_rows(1)
MDBX.parquet,33,,,low_rows(33)
MDCX.parquet,221,,,low_rows(221)
MENS.parquet,76,,,low_rows(76)
METCI.parquet,45,,,low_rows(45)
METCZ.parquet,209,,,low_rows(209)
METL.parquet,18,,,low_rows(18)
METW.parquet,75,,,low_rows(75)
MFICL.parquet,1,,,low_rows(1)
MFSB.parquet,207,,,low_rows(207)
MFSG.parquet,207,,,low_rows(207)
MFSI.parquet,207,,,low_rows(207)
MFSM.parquet,207,,,low_rows(207)
MFSV.parquet,207,,,low_rows(207)
MGN.parquet,6,,,low_rows(6)
MGRT.parquet,57,,,low_rows(57)
MH.parquet,51,,,low_rows(51)
MHY.parquet,12,,,low_rows(12)
MIAX.parquet,36,,,low_rows(36)
MILK.parquet,198,,,low_rows(198)
MIMI.parquet,184,,,low_rows(184)
MJSC.parquet,13,,,low_rows(13)
MKLY.parquet,1,,,low_rows(1)
MKLYR.parquet,1,,,low_rows(1)
MKLYU.parquet,38,,,low_rows(38)
MKTN.parquet,7,,,low_rows(7)
MLAC.parquet,169,,,low_rows(169)
MLACR.parquet,1,,,low_rows(1)
MLACU.parquet,201,,,low_rows(201)
MMAX.parquet,129,,,low_rows(129)
MMID.parquet,8,,,low_rows(8)
MMSD.parquet,105,,,low_rows(105)
MNRS.parquet,171,,,low_rows(171)
MNTN.parquet,93,,,low_rows(93)
MPLY.parquet,97,,,low_rows(97)
MRAL.parquet,146,,,low_rows(146)
MRP.parquet,167,,,low_rows(167)
MSDD.parquet,81,,,low_rows(81)
MSFW.parquet,51,,,low_rows(51)
MSGY.parquet,63,,,low_rows(63)
MSIF.parquet,172,,,low_rows(172)
MSII.parquet,85,,,low_rows(85)
MSLC.parquet,203,,,low_rows(203)
MSOO.parquet,37,,,low_rows(37)
MSPRZ.parquet,1,,,low_rows(1)
MSSM.parquet,203,,,low_rows(203)
MST.parquet,107,,,low_rows(107)
MSTP.parquet,81,,,low_rows(81)
MSTW.parquet,51,,,low_rows(51)
MTRA.parquet,80,,,low_rows(80)
MTSR.parquet,170,,,low_rows(170)
MTYY.parquet,9,,,low_rows(9)
MUD.parquet,240,,,low_rows(240)
MULL.parquet,223,,,low_rows(223)
MULT.parquet,26,,,low_rows(26)
MUNA.parquet,33,,,low_rows(33)
MUNB.parquet,33,,,low_rows(33)
MUNC.parquet,33,,,low_rows(33)
MUND.parquet,33,,,low_rows(33)
MUNY.parquet,93,,,low_rows(93)
MUSE.parquet,218,,,low_rows(218)
MUU.parquet,246,,,low_rows(246)
MVLL.parquet,146,,,low_rows(146)
MWYN.parquet,142,,,low_rows(142)
MYCO.parquet,13,,,low_rows(13)
MYMK.parquet,13,,,low_rows(13)
NAMI.parquet,206,,,low_rows(206)
NAMM.parquet,83,,,low_rows(83)
NATO.parquet,245,,,low_rows(245)
NBGX.parquet,197,,,low_rows(197)
NBIS.parquet,239,,,low_rows(239)
NBTR.parquet,198,,,low_rows(198)
NCIQ.parquet,160,,,low_rows(160)
NCLO.parquet,203,,,low_rows(203)
NCT.parquet,131,,,low_rows(131)
NDAA.parquet,240,,,low_rows(240)
NDEC.parquet,210,,,low_rows(210)
NEBX.parquet,19,,,low_rows(19)
NEMD.parquet,38,,,low_rows(38)
NEWTP.parquet,35,,,low_rows(35)
NFEB.parquet,169,,,low_rows(169)
NFLW.parquet,75,,,low_rows(75)
NHIC.parquet,117,,,low_rows(117)
NHICU.parquet,151,,,low_rows(151)
NHYB.parquet,8,,,low_rows(8)
NHYM.parquet,176,,,low_rows(176)
NIHI.parquet,13,,,low_rows(13)
NIQ.parquet,52,,,low_rows(52)
NMAR.parquet,150,,,low_rows(150)
NMAX.parquet,130,,,low_rows(130)
NMAY.parquet,108,,,low_rows(108)
NMP.parquet,23,,,low_rows(23)
NMPAR.parquet,1,,,low_rows(1)
NMPAU.parquet,67,,,low_rows(67)
NNNN.parquet,158,,,low_rows(158)
NNOV.parquet,230,,,low_rows(230)
NODE.parquet,99,,,low_rows(99)
NOEM.parquet,180,,,low_rows(180)
NOEMR.parquet,1,,,low_rows(1)
NOEMU.parquet,215,,,low_rows(215)
NOVM.parquet,219,,,low_rows(219)
NOVP.parquet,110,,,low_rows(110)
NOWL.parquet,58,,,low_rows(58)
NP.parquet,3,,,low_rows(3)
NPAC.parquet,77,,,low_rows(77)
NPACU.parquet,113,,,low_rows(113)
NPB.parquet,159,,,low_rows(159)
NRGD.parquet,157,,,low_rows(157)
NRGU.parquet,157,,,low_rows(157)
NSCI.parquet,8,,,low_rows(8)
NSRX.parquet,37,,,low_rows(37)
NTCL.parquet,201,,,low_rows(201)
NTEST.parquet,1,,,low_rows(1)
NTHI.parquet,133,,,low_rows(133)
NTSK.parquet,12,,,low_rows(12)
NTWO.parquet,192,,,low_rows(192)
NTWOU.parquet,229,,,low_rows(229)
NUMI.parquet,176,,,low_rows(176)
NUTR.parquet,35,,,low_rows(35)
NVBU.parquet,230,,,low_rows(230)
NVDB.parquet,18,,,low_rows(18)
NVDG.parquet,201,,,low_rows(201)
NVDO.parquet,37,,,low_rows(37)
NVDW.parquet,158,,,low_rows(158)
NVII.parquet,90,,,low_rows(90)
NVOH.parquet,186,,,low_rows(186)
NVOX.parquet,209,,,low_rows(209)
NVTX.parquet,19,,,low_rows(19)
NVYY.parquet,100,,,low_rows(100)
NXUS.parquet,8,,,low_rows(8)
OACC.parquet,200,,,low_rows(200)
OACCU.parquet,236,,,low_rows(236)
OAKM.parquet,209,,,low_rows(209)
OBA.parquet,35,,,low_rows(35)
OBAWU.parquet,71,,,low_rows(71)
OCTM.parquet,239,,,low_rows(239)
ODHY.parquet,68,,,low_rows(68)
ODVWZ.parquet,1,,,low_rows(1)
OFAL.parquet,94,,,low_rows(94)
OFSSO.parquet,51,,,low_rows(51)
OKLL.parquet,72,,,low_rows(72)
OMAH.parquet,148,,,low_rows(148)
OMDA.parquet,83,,,low_rows(83)
OMSE.parquet,100,,,low_rows(100)
ONCH.parquet,16,,,low_rows(16)
ONCHU.parquet,66,,,low_rows(66)
ONEG.parquet,190,,,low_rows(190)
ONEZ.parquet,170,,,low_rows(170)
OOQB.parquet,158,,,low_rows(158)
OOSB.parquet,158,,,low_rows(158)
ORCX.parquet,165,,,low_rows(165)
ORIQ.parquet,19,,,low_rows(19)
ORIQU.parquet,66,,,low_rows(66)
ORIS.parquet,240,,,low_rows(240)
ORR.parquet,181,,,low_rows(181)
OSCX.parquet,7,,,low_rows(7)
OTF.parquet,79,,,low_rows(79)
OTGAU.parquet,16,,,low_rows(16)
OTGL.parquet,58,,,low_rows(58)
OUSTZ.parquet,1,,,low_rows(1)
OWNB.parquet,144,,,low_rows(144)
OXLCG.parquet,151,,,low_rows(151)
OXSQH.parquet,38,,,low_rows(38)
OYSE.parquet,60,,,low_rows(60)
OYSER.parquet,60,,,low_rows(60)
OYSEU.parquet,93,,,low_rows(93)
PACH.parquet,35,,,low_rows(35)
PACHU.parquet,75,,,low_rows(75)
PAII.parquet,17,,,low_rows(17)
PALD.parquet,132,,,low_rows(132)
PALU.parquet,132,,,low_rows(132)
PANG.parquet,136,,,low_rows(136)
PBNV.parquet,113,,,low_rows(113)
PBQQ.parquet,185,,,low_rows(185)
PCAP.parquet,60,,,low_rows(60)
PCAPU.parquet,94,,,low_rows(94)
PCFI.parquet,131,,,low_rows(131)
PCHI.parquet,134,,,low_rows(134)
PCI.parquet,45,,,low_rows(45)
PCL.parquet,43,,,low_rows(43)
PCLA.parquet,180,,,low_rows(180)
PCLG.parquet,4,,,low_rows(4)
PCLO.parquet,209,,,low_rows(209)
PCMM.parquet,209,,,low_rows(209)
PCR.parquet,9,,,low_rows(9)
PCS.parquet,45,,,low_rows(45)
PDDL.parquet,58,,,low_rows(58)
PDPA.parquet,200,,,low_rows(200)
PELI.parquet,79,,,low_rows(79)
PELIR.parquet,1,,,low_rows(1)
PELIU.parquet,92,,,low_rows(92)
PEPS.parquet,115,,,low_rows(115)
PEVC.parquet,168,,,low_rows(168)
PFAI.parquet,116,,,low_rows(116)
PFSA.parquet,60,,,low_rows(60)
PGAC.parquet,173,,,low_rows(173)
PGACR.parquet,1,,,low_rows(1)
PGACU.parquet,206,,,low_rows(206)
PHH.parquet,192,,,low_rows(192)
PHOE.parquet,112,,,low_rows(112)
PIEQ.parquet,227,,,low_rows(227)
PIPE.parquet,155,,,low_rows(155)
PLBL.parquet,40,,,low_rows(40)
PLMK.parquet,170,,,low_rows(170)
PLMKU.parquet,181,,,low_rows(181)
PLOO.parquet,37,,,low_rows(37)
PLRZ.parquet,233,,,low_rows(233)
PLT.parquet,33,,,low_rows(33)
PLTA.parquet,18,,,low_rows(18)
PLTD.parquet,202,,,low_rows(202)
PLTG.parquet,112,,,low_rows(112)
PLTS.parquet,11,,,low_rows(11)
PLTU.parquet,203,,,low_rows(203)
PLTW.parquet,158,,,low_rows(158)
PLTY.parquet,248,,,low_rows(248)
PLTZ.parquet,83,,,low_rows(83)
PLUT.parquet,167,,,low_rows(167)
PLYY.parquet,9,,,low_rows(9)
PMAP.parquet,129,,,low_rows(129)
PMAU.parquet,45,,,low_rows(45)
PMFB.parquet,169,,,low_rows(169)
PMI.parquet,25,,,low_rows(25)
PMIO.parquet,198,,,low_rows(198)
PMJA.parquet,189,,,low_rows(189)
PMJL.parquet,67,,,low_rows(67)
PMJN.parquet,87,,,low_rows(87)
PMMF.parquet,166,,,low_rows(166)
PMMR.parquet,150,,,low_rows(150)
PMMY.parquet,108,,,low_rows(108)
PMOC.parquet,3,,,low_rows(3)
PMSE.parquet,24,,,low_rows(24)
PMTR.parquet,74,,,low_rows(74)
PMTRU.parquet,100,,,low_rows(100)
PMTV.parquet,160,,,low_rows(160)
PMTW.parquet,79,,,low_rows(79)
PN.parquet,149,,,low_rows(149)
POLE.parquet,234,,,low_rows(234)
PONX.parquet,19,,,low_rows(19)
PONY.parquet,212,,,low_rows(212)
PQAP.parquet,152,,,low_rows(152)
PQJA.parquet,189,,,low_rows(189)
PQJL.parquet,184,,,low_rows(184)
PQOC.parquet,187,,,low_rows(187)
PRCS.parquet,202,,,low_rows(202)
PRHIZ.parquet,140,,,low_rows(140)
PRIV.parquet,152,,,low_rows(152)
PRSD.parquet,18,,,low_rows(18)
PRVS.parquet,202,,,low_rows(202)
PRXG.parquet,124,,,low_rows(124)
PRXV.parquet,124,,,low_rows(124)
PTLE.parquet,242,,,low_rows(242)
PTNM.parquet,88,,,low_rows(88)
PTRN.parquet,11,,,low_rows(11)
PVEX.parquet,68,,,low_rows(68)
PXIU.parquet,13,,,low_rows(13)
PYPG.parquet,126,,,low_rows(126)
QALT.parquet,29,,,low_rows(29)
QB.parquet,70,,,low_rows(70)
QBF.parquet,166,,,low_rows(166)
QBIG.parquet,207,,,low_rows(207)
QBSF.parquet,67,,,low_rows(67)
QBTX.parquet,112,,,low_rows(112)
QCJA.parquet,178,,,low_rows(178)
QCMD.parquet,71,,,low_rows(71)
QCML.parquet,127,,,low_rows(127)
QCMU.parquet,71,,,low_rows(71)
QCOC.parquet,239,,,low_rows(239)
QDTY.parquet,161,,,low_rows(161)
QDWN.parquet,143,,,low_rows(143)
QETAR.parquet,1,,,low_rows(1)
QGRD.parquet,61,,,low_rows(61)
QIDX.parquet,189,,,low_rows(189)
QLDY.parquet,12,,,low_rows(12)
QLTI.parquet,233,,,low_rows(233)
QMFE.parquet,155,,,low_rows(155)
QMNV.parquet,219,,,low_rows(219)
QNXT.parquet,236,,,low_rows(236)
QPUX.parquet,41,,,low_rows(41)
QQDN.parquet,79,,,low_rows(79)
QQHG.parquet,104,,,low_rows(104)
QQLV.parquet,206,,,low_rows(206)
QQUP.parquet,79,,,low_rows(79)
QQWZ.parquet,103,,,low_rows(103)
QQXL.parquet,35,,,low_rows(35)
QSEA.parquet,101,,,low_rows(101)
QSEAR.parquet,1,,,low_rows(1)
QSEAU.parquet,138,,,low_rows(138)
QTOP.parquet,236,,,low_rows(236)
QTPI.parquet,197,,,low_rows(197)
QUBX.parquet,72,,,low_rows(72)
QUIZ.parquet,33,,,low_rows(33)
QUMS.parquet,4,,,low_rows(4)
QUMSR.parquet,1,,,low_rows(1)
QUMSU.parquet,42,,,low_rows(42)
QUP.parquet,138,,,low_rows(138)
QUSA.parquet,105,,,low_rows(105)
RAA.parquet,153,,,low_rows(153)
RAAA.parquet,62,,,low_rows(62)
RAAQ.parquet,87,,,low_rows(87)
RAAQU.parquet,109,,,low_rows(109)
RAC.parquet,116,,,low_rows(116)
RADX.parquet,207,,,low_rows(207)
RAIN.parquet,189,,,low_rows(189)
RAL.parquet,71,,,low_rows(71)
RANG.parquet,182,,,low_rows(182)
RANGR.parquet,1,,,low_rows(1)
RANGU.parquet,196,,,low_rows(196)
RAUS.parquet,16,,,low_rows(16)
RB.parquet,70,,,low_rows(70)
RBIL.parquet,154,,,low_rows(154)
RBLU.parquet,149,,,low_rows(149)
RBLY.parquet,48,,,low_rows(48)
RBNE.parquet,121,,,low_rows(121)
RCD.parquet,197,,,low_rows(197)
RCGE.parquet,152,,,low_rows(152)
RCT.parquet,136,,,low_rows(136)
RCTR.parquet,46,,,low_rows(46)
RDAC.parquet,210,,,low_rows(210)
RDACR.parquet,1,,,low_rows(1)
RDACU.parquet,245,,,low_rows(245)
RDAG.parquet,73,,,low_rows(73)
RDAGU.parquet,108,,,low_rows(108)
RDTL.parquet,134,,,low_rows(134)
RDTY.parquet,147,,,low_rows(147)
RDYY.parquet,19,,,low_rows(19)
REMG.parquet,88,,,low_rows(88)
RFAIR.parquet,1,,,low_rows(1)
RFIX.parquet,204,,,low_rows(204)
RGEF.parquet,234,,,low_rows(234)
RGLO.parquet,88,,,low_rows(88)
RGTU.parquet,72,,,low_rows(72)
RGTX.parquet,129,,,low_rows(129)
RHLD.parquet,155,,,low_rows(155)
RIBB.parquet,146,,,low_rows(146)
RIBBR.parquet,1,,,low_rows(1)
RIBBU.parquet,181,,,low_rows(181)
RIFR.parquet,99,,,low_rows(99)
RILA.parquet,189,,,low_rows(189)
RINT.parquet,99,,,low_rows(99)
RIOX.parquet,188,,,low_rows(188)
RJDI.parquet,1,,,low_rows(1)
RJMI.parquet,1,,,low_rows(1)
RJVI.parquet,1,,,low_rows(1)
RKLX.parquet,142,,,low_rows(142)
RNGTU.parquet,1,,,low_rows(1)
RNIN.parquet,97,,,low_rows(97)
RNTY.parquet,117,,,low_rows(117)
ROBN.parquet,170,,,low_rows(170)
ROLR.parquet,237,,,low_rows(237)
ROPE.parquet,198,,,low_rows(198)
RSBA.parquet,198,,,low_rows(198)
RSDE.parquet,195,,,low_rows(195)
RSMC.parquet,245,,,low_rows(245)
RSMR.parquet,135,,,low_rows(135)
RSMV.parquet,182,,,low_rows(182)
RSSX.parquet,88,,,low_rows(88)
RTAC.parquet,82,,,low_rows(82)
RTACU.parquet,97,,,low_rows(97)
RTXG.parquet,83,,,low_rows(83)
RUBI.parquet,44,,,low_rows(44)
RUSC.parquet,99,,,low_rows(99)
RVNL.parquet,115,,,low_rows(115)
RW.parquet,75,,,low_rows(75)
RWTP.parquet,171,,,low_rows(171)
RYET.parquet,124,,,low_rows(124)
RYOJ.parquet,36,,,low_rows(36)
SAFX.parquet,188,,,low_rows(188)
SAGT.parquet,146,,,low_rows(146)
SAIL.parquet,161,,,low_rows(161)
SAPH.parquet,186,,,low_rows(186)
SBAR.parquet,119,,,low_rows(119)
SBIL.parquet,58,,,low_rows(58)
SBXD.parquet,249,,,low_rows(249)
SCAG.parquet,69,,,low_rows(69)
SCCR.parquet,167,,,low_rows(167)
SCDS.parquet,198,,,low_rows(198)
SCDV.parquet,202,,,low_rows(202)
SCEC.parquet,141,,,low_rows(141)
SCOW.parquet,26,,,low_rows(26)
SDCP.parquet,113,,,low_rows(113)
SDHI.parquet,85,,,low_rows(85)
SDHIR.parquet,1,,,low_rows(1)
SDHIU.parquet,129,,,low_rows(129)
SDM.parquet,107,,,low_rows(107)
SDTY.parquet,166,,,low_rows(166)
SEEM.parquet,246,,,low_rows(246)
SEIE.parquet,246,,,low_rows(246)
SEIS.parquet,246,,,low_rows(246)
SEMG.parquet,99,,,low_rows(99)
SEPI.parquet,20,,,low_rows(20)
SEPN.parquet,235,,,low_rows(235)
SFB.parquet,1,,,low_rows(1)
SFD.parquet,173,,,low_rows(173)
SFHG.parquet,243,,,low_rows(243)
SFTY.parquet,70,,,low_rows(70)
SGRT.parquet,32,,,low_rows(32)
SGVT.parquet,79,,,low_rows(79)
SHEH.parquet,249,,,low_rows(249)
SHPD.parquet,42,,,low_rows(42)
SHPU.parquet,42,,,low_rows(42)
SI.parquet,46,,,low_rows(46)
SION.parquet,165,,,low_rows(165)
SJLD.parquet,113,,,low_rows(113)
SKBL.parquet,157,,,low_rows(157)
SKK.parquet,248,,,low_rows(248)
SKYQ.parquet,246,,,low_rows(246)
SLDE.parquet,75,,,low_rows(75)
SLDR.parquet,240,,,low_rows(240)
SLJY.parquet,33,,,low_rows(33)
SLMT.parquet,1,,,low_rows(1)
SLNZ.parquet,218,,,low_rows(218)
SLON.parquet,58,,,low_rows(58)
SLTY.parquet,31,,,low_rows(31)
SLVR.parquet,181,,,low_rows(181)
SMA.parquet,128,,,low_rows(128)
SMAP.parquet,237,,,low_rows(237)
SMBS.parquet,218,,,low_rows(218)
SMCC.parquet,32,,,low_rows(32)
SMCL.parquet,201,,,low_rows(201)
SMCZ.parquet,129,,,low_rows(129)
SMDX.parquet,151,,,low_rows(151)
SMOM.parquet,18,,,low_rows(18)
SMU.parquet,60,,,low_rows(60)
SMUP.parquet,49,,,low_rows(49)
SMYY.parquet,4,,,low_rows(4)
SNDK.parquet,161,,,low_rows(161)
SNOU.parquet,113,,,low_rows(113)
SNTH.parquet,144,,,low_rows(144)
SNWV.parquet,240,,,low_rows(240)
SNYR.parquet,237,,,low_rows(237)
SOCA.parquet,21,,,low_rows(21)
SOCAU.parquet,57,,,low_rows(57)
SOFL.parquet,66,,,low_rows(66)
SOFX.parquet,180,,,low_rows(180)
SOJF.parquet,180,,,low_rows(180)
SOLT.parquet,137,,,low_rows(137)
SOLZ.parquet,137,,,low_rows(137)
SORA.parquet,128,,,low_rows(128)
SOUL.parquet,92,,,low_rows(92)
SOUX.parquet,72,,,low_rows(72)
SOXY.parquet,209,,,low_rows(209)
SPBU.parquet,147,,,low_rows(147)
SPBW.parquet,185,,,low_rows(185)
SPBX.parquet,185,,,low_rows(185)
SPCT.parquet,3,,,low_rows(3)
SPCY.parquet,147,,,low_rows(147)
SPEG.parquet,19,,,low_rows(19)
SPEGR.parquet,1,,,low_rows(1)
SPEGU.parquet,58,,,low_rows(58)
SPHL.parquet,240,,,low_rows(240)
SPMA.parquet,224,,,low_rows(224)
SPME.parquet,58,,,low_rows(58)
SPUT.parquet,141,,,low_rows(141)
SPXD.parquet,50,,,low_rows(50)
SPXM.parquet,63,,,low_rows(63)
SPYA.parquet,86,,,low_rows(86)
SPYH.parquet,127,,,low_rows(127)
SQMX.parquet,184,,,low_rows(184)
SSEA.parquet,1,,,low_rows(1)
SSEAR.parquet,1,,,low_rows(1)
SSEAU.parquet,40,,,low_rows(40)
SSK.parquet,66,,,low_rows(66)
STAK.parquet,153,,,low_rows(153)
STEN.parquet,3,,,low_rows(3)
STFS.parquet,245,,,low_rows(245)
STHH.parquet,127,,,low_rows(127)
STOX.parquet,70,,,low_rows(70)
STRC.parquet,47,,,low_rows(47)
STRD.parquet,83,,,low_rows(83)
STRF.parquet,133,,,low_rows(133)
STRK.parquet,169,,,low_rows(169)
STRN.parquet,32,,,low_rows(32)
STRZ.parquet,104,,,low_rows(104)
STUB.parquet,13,,,low_rows(13)
SVAC.parquet,4,,,low_rows(4)
SVACU.parquet,22,,,low_rows(22)
SVCC.parquet,135,,,low_rows(135)
SVCCU.parquet,171,,,low_rows(171)
SVIIR.parquet,1,,,low_rows(1)
SYZ.parquet,15,,,low_rows(15)
SZZL.parquet,92,,,low_rows(92)
SZZLR.parquet,1,,,low_rows(1)
SZZLU.parquet,128,,,low_rows(128)
TACH.parquet,87,,,low_rows(87)
TACHU.parquet,123,,,low_rows(123)
TACO.parquet,84,,,low_rows(84)
TACOU.parquet,109,,,low_rows(109)
TAPR.parquet,129,,,low_rows(129)
TAVI.parquet,196,,,low_rows(196)
TAVIR.parquet,1,,,low_rows(1)
TAVIU.parquet,207,,,low_rows(207)
TAX.parquet,198,,,low_rows(198)
TAXI.parquet,33,,,low_rows(33)
TAXM.parquet,142,,,low_rows(142)
TAXS.parquet,33,,,low_rows(33)
TAXT.parquet,33,,,low_rows(33)
TBH.parquet,147,,,low_rows(147)
TBXU.parquet,3,,,low_rows(3)
TCAI.parquet,43,,,low_rows(43)
TCAL.parquet,132,,,low_rows(132)
TCPB.parquet,158,,,low_rows(158)
TCV.parquet,56,,,low_rows(56)
TDAC.parquet,161,,,low_rows(161)
TDACU.parquet,194,,,low_rows(194)
TDAQ.parquet,22,,,low_rows(22)
TDEC.parquet,195,,,low_rows(195)
TDIC.parquet,52,,,low_rows(52)
TEC.parquet,117,,,low_rows(117)
TEK.parquet,238,,,low_rows(238)
TEKY.parquet,125,,,low_rows(125)
TEMT.parquet,100,,,low_rows(100)
TEMX.parquet,149,,,low_rows(149)
TEXN.parquet,72,,,low_rows(72)
TEXU.parquet,3,,,low_rows(3)
TFNS.parquet,79,,,low_rows(79)
TGE.parquet,84,,,low_rows(84)
TGHL.parquet,26,,,low_rows(26)
TGLB.parquet,70,,,low_rows(70)
THEQ.parquet,132,,,low_rows(132)
THH.parquet,27,,,low_rows(27)
THMZ.parquet,125,,,low_rows(125)
THRV.parquet,4,,,low_rows(4)
TIC.parquet,159,,,low_rows(159)
TIER.parquet,70,,,low_rows(70)
TIIV.parquet,50,,,low_rows(50)
TIPA.parquet,33,,,low_rows(33)
TIPB.parquet,33,,,low_rows(33)
TIPC.parquet,33,,,low_rows(33)
TIPD.parquet,33,,,low_rows(33)
TJAN.parquet,189,,,low_rows(189)
TJUN.parquet,73,,,low_rows(73)
TLCI.parquet,148,,,low_rows(148)
TLIH.parquet,63,,,low_rows(63)
TLNCU.parquet,19,,,low_rows(19)
TLTI.parquet,203,,,low_rows(203)
TLTP.parquet,233,,,low_rows(233)
TLTX.parquet,57,,,low_rows(57)
TLX.parquet,221,,,low_rows(221)
TMAR.parquet,135,,,low_rows(135)
TMB.parquet,167,,,low_rows(167)
TMDE.parquet,116,,,low_rows(116)
TMED.parquet,79,,,low_rows(79)
TMH.parquet,141,,,low_rows(141)
TMUSI.parquet,42,,,low_rows(42)
TMUSL.parquet,42,,,low_rows(42)
TMUSZ.parquet,42,,,low_rows(42)
TNGY.parquet,77,,,low_rows(77)
TOCT.parquet,3,,,low_rows(3)
TOPC.parquet,118,,,low_rows(118)
TOPP.parquet,177,,,low_rows(177)
TOPT.parquet,236,,,low_rows(236)
TOT.parquet,23,,,low_rows(23)
TOV.parquet,152,,,low_rows(152)
TPLS.parquet,167,,,low_rows(167)
TQQY.parquet,153,,,low_rows(153)
TRIL.parquet,4,,,low_rows(4)
TRIO.parquet,147,,,low_rows(147)
TRSY.parquet,247,,,low_rows(247)
TRUD.parquet,31,,,low_rows(31)
TRUT.parquet,31,,,low_rows(31)
TSEL.parquet,188,,,low_rows(188)
TSII.parquet,85,,,low_rows(85)
TSLG.parquet,201,,,low_rows(201)
TSLI.parquet,18,,,low_rows(18)
TSLO.parquet,37,,,low_rows(37)
TSLV.parquet,4,,,low_rows(4)
TSLW.parquet,158,,,low_rows(158)
TSMG.parquet,182,,,low_rows(182)
TSMU.parquet,223,,,low_rows(223)
TSPX.parquet,155,,,low_rows(155)
TSXD.parquet,3,,,low_rows(3)
TSXU.parquet,3,,,low_rows(3)
TSYY.parquet,198,,,low_rows(198)
TTAM.parquet,165,,,low_rows(165)
TTAN.parquet,202,,,low_rows(202)
TTDU.parquet,13,,,low_rows(13)
TTEQ.parquet,236,,,low_rows(236)
TTXD.parquet,3,,,low_rows(3)
TTXU.parquet,3,,,low_rows(3)
TURF.parquet,79,,,low_rows(79)
TUSB.parquet,158,,,low_rows(158)
TVA.parquet,97,,,low_rows(97)
TVACU.parquet,114,,,low_rows(114)
TVAI.parquet,66,,,low_rows(66)
TVAIR.parquet,1,,,low_rows(1)
TVAIU.parquet,98,,,low_rows(98)
TWNP.parquet,173,,,low_rows(173)
TWOD.parquet,97,,,low_rows(97)
TWOX.parquet,180,,,low_rows(180)
TXUE.parquet,177,,,low_rows(177)
TXUG.parquet,176,,,low_rows(176)
TXXI.parquet,142,,,low_rows(142)
UFG.parquet,182,,,low_rows(182)
UMBFO.parquet,88,,,low_rows(88)
UNHG.parquet,53,,,low_rows(53)
UNX.parquet,14,,,low_rows(14)
UPB.parquet,245,,,low_rows(245)
UPSD.parquet,216,,,low_rows(216)
UPSX.parquet,81,,,low_rows(81)
URSP.parquet,27,,,low_rows(27)
USAF.parquet,217,,,low_rows(217)
USNG.parquet,95,,,low_rows(95)
UX.parquet,172,,,low_rows(172)
UXAP.parquet,116,,,low_rows(116)
UXJA.parquet,178,,,low_rows(178)
UXJL.parquet,54,,,low_rows(54)
UXOC.parquet,239,,,low_rows(239)
UXRP.parquet,58,,,low_rows(58)
UYSC.parquet,91,,,low_rows(91)
UYSCR.parquet,1,,,low_rows(1)
UYSCU.parquet,130,,,low_rows(130)
VBIL.parquet,162,,,low_rows(162)
VCIC.parquet,234,,,low_rows(234)
VCRM.parquet,216,,,low_rows(216)
VENU.parquet,212,,,low_rows(212)
VEXC.parquet,1,,,low_rows(1)
VG.parquet,175,,,low_rows(175)
VGHY.parquet,13,,,low_rows(13)
VGMS.parquet,80,,,low_rows(80)
VGUS.parquet,162,,,low_rows(162)
VGVT.parquet,62,,,low_rows(62)
VIA.parquet,16,,,low_rows(16)
VIXI.parquet,40,,,low_rows(40)
VNIE.parquet,98,,,low_rows(98)
VNME.parquet,30,,,low_rows(30)
VNMEU.parquet,66,,,low_rows(66)
VNTG.parquet,80,,,low_rows(80)
VOLT.parquet,207,,,low_rows(207)
VOYG.parquet,80,,,low_rows(80)
VOYX.parquet,19,,,low_rows(19)
VRM.parquet,157,,,low_rows(157)
VRTL.parquet,134,,,low_rows(134)
VSDB.parquet,127,,,low_rows(127)
VSDM.parquet,216,,,low_rows(216)
VSTL.parquet,53,,,low_rows(53)
VTEL.parquet,93,,,low_rows(93)
VTG.parquet,61,,,low_rows(61)
VTP.parquet,61,,,low_rows(61)
VWAV.parquet,58,,,low_rows(58)
VYLD.parquet,136,,,low_rows(136)
WAR.parquet,190,,,low_rows(190)
WBI.parquet,13,,,low_rows(13)
WCAP.parquet,17,,,low_rows(17)
WCME.parquet,245,,,low_rows(245)
WCMI.parquet,249,,,low_rows(249)
WCPB.parquet,37,,,low_rows(37)
WDAF.parquet,16,,,low_rows(16)
WDEF.parquet,56,,,low_rows(56)
WDGF.parquet,16,,,low_rows(16)
WEEK.parquet,147,,,low_rows(147)
WENN.parquet,64,,,low_rows(64)
WENNU.parquet,97,,,low_rows(97)
WETO.parquet,152,,,low_rows(152)
WFF.parquet,132,,,low_rows(132)
WGRX.parquet,156,,,low_rows(156)
WHLRL.parquet,167,,,low_rows(167)
WHTX.parquet,127,,,low_rows(127)
WILD.parquet,85,,,low_rows(85)
WLAC.parquet,191,,,low_rows(191)
WLACU.parquet,224,,,low_rows(224)
WNTR.parquet,132,,,low_rows(132)
WOLF.parquet,5,,,low_rows(5)
WPAY.parquet,22,,,low_rows(22)
WRD.parquet,235,,,low_rows(235)
WSBK.parquet,107,,,low_rows(107)
WSML.parquet,127,,,low_rows(127)
WTF.parquet,129,,,low_rows(129)
WTFCN.parquet,102,,,low_rows(102)
WTG.parquet,54,,,low_rows(54)
WTGUR.parquet,1,,,low_rows(1)
WTGUU.parquet,89,,,low_rows(89)
WTIP.parquet,75,,,low_rows(75)
WTMU.parquet,127,,,low_rows(127)
WTMY.parquet,127,,,low_rows(127)
WXET.parquet,194,,,low_rows(194)
WXM.parquet,129,,,low_rows(129)
WYFI.parquet,41,,,low_rows(41)
WYHG.parquet,213,,,low_rows(213)
WZRD.parquet,71,,,low_rows(71)
XBTY.parquet,100,,,low_rows(100)
XDIV.parquet,61,,,low_rows(61)
XHLD.parquet,161,,,low_rows(161)
XIDV.parquet,176,,,low_rows(176)
XLBI.parquet,47,,,low_rows(47)
XLCI.parquet,47,,,low_rows(47)
XLEI.parquet,47,,,low_rows(47)
XLFI.parquet,47,,,low_rows(47)
XLII.parquet,47,,,low_rows(47)
XLKI.parquet,47,,,low_rows(47)
XLRI.parquet,47,,,low_rows(47)
XLSI.parquet,47,,,low_rows(47)
XLUI.parquet,47,,,low_rows(47)
XLVI.parquet,47,,,low_rows(47)
XLYI.parquet,47,,,low_rows(47)
XMAG.parquet,238,,,low_rows(238)
XOEF.parquet,62,,,low_rows(62)
XOMX.parquet,114,,,low_rows(114)
XOMZ.parquet,114,,,low_rows(114)
XPAY.parquet,231,,,low_rows(231)
XRPI.parquet,93,,,low_rows(93)
XRPR.parquet,12,,,low_rows(12)
XRPT.parquet,93,,,low_rows(93)
XUDV.parquet,176,,,low_rows(176)
XV.parquet,119,,,low_rows(119)
XXRP.parquet,124,,,low_rows(124)
XYZG.parquet,126,,,low_rows(126)
YAAS.parquet,196,,,low_rows(196)
YB.parquet,109,,,low_rows(109)
YDES.parquet,28,,,low_rows(28)
YFFI.parquet,189,,,low_rows(189)
YFYA.parquet,170,,,low_rows(170)
YGLD.parquet,209,,,low_rows(209)
YHNA.parquet,225,,,low_rows(225)
YHNAR.parquet,1,,,low_rows(1)
YMAT.parquet,47,,,low_rows(47)
YMT.parquet,33,,,low_rows(33)
YNOT.parquet,61,,,low_rows(61)
YOKE.parquet,127,,,low_rows(127)
YOUL.parquet,61,,,low_rows(61)
YSPY.parquet,127,,,low_rows(127)
YSXT.parquet,198,,,low_rows(198)
ZAP.parquet,198,,,low_rows(198)
ZAPR.parquet,129,,,low_rows(129)
ZDEK.parquet,210,,,low_rows(210)
ZFEB.parquet,169,,,low_rows(169)
ZFZZT.parquet,1,,,low_rows(1)
ZGM.parquet,19,,,low_rows(19)
ZIPP.parquet,147,,,low_rows(147)
ZJAN.parquet,189,,,low_rows(189)
ZJUN.parquet,87,,,low_rows(87)
ZJZZT.parquet,1,,,low_rows(1)
ZMAR.parquet,150,,,low_rows(150)
ZMAY.parquet,108,,,low_rows(108)
ZMUN.parquet,4,,,low_rows(4)
ZNOV.parquet,230,,,low_rows(230)
ZSPC.parquet,207,,,low_rows(207)
ZTOP.parquet,119,,,low_rows(119)
ZVZZT.parquet,1,,,low_rows(1)
ZWZZT.parquet,1,,,low_rows(1)
ZXZZT.parquet,1,,,low_rows(1)
ZYBT.parquet,186,,,low_rows(186)
ZYN.parquet,22,,,low_rows(22)
